id;creat_at;update_at;name
1;2024-12-20T17:00:11;2024-12-20T06:18:57;excepting pointless
2;2024-12-20T18:35:49;2024-12-20T15:46:05;before immaculate
3;2024-12-20T04:28:18;2024-12-20T02:20:09;step-mother blah transom
4;2024-12-20T14:20:15;2024-12-20T17:58:10;trivial amidst
5;2024-12-20T19:45:16;2024-12-20T01:27:04;for godfather bliss
6;2024-12-20T02:17:00;2024-12-20T17:39:05;heartache overcoat until
7;2024-12-20T15:06:27;2024-12-20T04:28:10;hence foolhardy
8;2024-12-20T17:46:11;2024-12-20T03:20:41;discrete unpleasant furlough
9;2024-12-20T02:41:36;2024-12-20T07:31:37;around flowery bliss
10;2024-12-20T07:10:20;2024-12-20T15:11:25;suspiciously once meh
